patient_id,true_label,pred_label,pred_prob
1106910,0,0,0.371274471282959
3399844,1,1,0.8182199001312256
4330776,1,1,0.8804572820663452
