feature,normalized_importance
Overall enhancement pattern,0.30701869057882003
AFP classification,0.23395411549071302
History of chronic disease,0.17176174997291366
AFP level (ng/mL),0.15625498864606654
Necrosis,0.13101045531148675
