feature,normalized_importance
AFP classification,0.27482830471408703
Overall enhancement pattern,0.2646883027709271
History of chronic disease,0.17830245439156525
AFP level (ng/mL),0.17001025385080618
Necrosis,0.11217068427261441
