feature,normalized_importance
AFP classification,0.27554037983189095
Overall enhancement pattern,0.24350376342843758
History of chronic disease,0.17861442310098513
AFP level (ng/mL),0.17825322899087598
Necrosis,0.12408820464781035
